[
{
  "model": "ballon_dor.player",
  "pk": 1,
  "fields": {
    "name": "Ousmane Dembélé",
    "country": "France",
    "club": "Paris Saint-Germain"
  }
},
{
  "model": "ballon_dor.player",
  "pk": 2,
  "fields": {
    "name": "Lamine Yamal",
    "country": "Spain",
    "club": "Barcelona"
  }
},
{
  "model": "ballon_dor.player",
  "pk": 3,
  "fields": {
    "name": "Raphinha",
    "country": "Brazil",
    "club": "Barcelona"
  }
},
{
  "model": "ballon_dor.player",
  "pk": 4,
  "fields": {
    "name": "Mohamed Salah",
    "country": "Egypt",
    "club": "Liverpool"
  }
},
{
  "model": "ballon_dor.player",
  "pk": 5,
  "fields": {
    "name": "Kylian Mbappé",
    "country": "France",
    "club": "Real Madrid"
  }
},
{
  "model": "ballon_dor.player",
  "pk": 6,
  "fields": {
    "name": "Vitinha",
    "country": "Portugal",
    "club": "Paris Saint-Germain"
  }
},
{
  "model": "ballon_dor.player",
  "pk": 7,
  "fields": {
    "name": "Nuno Mendes",
    "country": "Portugal",
    "club": "Paris Saint-Germain"
  }
},
{
  "model": "ballon_dor.player",
  "pk": 8,
  "fields": {
    "name": "Désiré Doué",
    "country": "France",
    "club": "Paris Saint-Germain"
  }
},
{
  "model": "ballon_dor.player",
  "pk": 9,
  "fields": {
    "name": "Khvicha Kvaratskhelia",
    "country": "Georgia",
    "club": "Paris Saint-Germain"
  }
},
{
  "model": "ballon_dor.player",
  "pk": 10,
  "fields": {
    "name": "Achraf Hakimi",
    "country": "Morocco",
    "club": "Paris Saint-Germain"
  }
},
{
  "model": "ballon_dor.player",
  "pk": 11,
  "fields": {
    "name": "Pedri",
    "country": "Spain",
    "club": "Barcelona"
  }
},
{
  "model": "ballon_dor.player",
  "pk": 12,
  "fields": {
    "name": "Harry Kane",
    "country": "England",
    "club": "Bayern München"
  }
},
{
  "model": "ballon_dor.player",
  "pk": 13,
  "fields": {
    "name": "Robert Lewandowski",
    "country": "Poland",
    "club": "Barcelona"
  }
},
{
  "model": "ballon_dor.player",
  "pk": 14,
  "fields": {
    "name": "Gianluigi Donnarumma",
    "country": "Italy",
    "club": "Paris Saint-Germain"
  }
},
{
  "model": "ballon_dor.player",
  "pk": 15,
  "fields": {
    "name": "João Neves",
    "country": "Portugal",
    "club": "Paris Saint-Germain"
  }
},
{
  "model": "ballon_dor.player",
  "pk": 16,
  "fields": {
    "name": "Viktor Gyökeres",
    "country": "Sweden",
    "club": "Sporting CP"
  }
},
{
  "model": "ballon_dor.player",
  "pk": 17,
  "fields": {
    "name": "Vinícius Júnior",
    "country": "Brazil",
    "club": "Real Madrid"
  }
},
{
  "model": "ballon_dor.player",
  "pk": 18,
  "fields": {
    "name": "Jude Bellingham",
    "country": "England",
    "club": "Real Madrid"
  }
},
{
  "model": "ballon_dor.player",
  "pk": 19,
  "fields": {
    "name": "Marquinhos",
    "country": "Brazil",
    "club": "Paris Saint-Germain"
  }
},
{
  "model": "ballon_dor.player",
  "pk": 20,
  "fields": {
    "name": "Declan Rice",
    "country": "England",
    "club": "Arsenal"
  }
},
{
  "model": "ballon_dor.player",
  "pk": 21,
  "fields": {
    "name": "Florian Wirtz",
    "country": "Germany",
    "club": "Bayer Leverkusen"
  }
},
{
  "model": "ballon_dor.player",
  "pk": 22,
  "fields": {
    "name": "Erling Haaland",
    "country": "Norway",
    "club": "Manchester City"
  }
},
{
  "model": "ballon_dor.player",
  "pk": 24,
  "fields": {
    "name": "Jamal Musiala",
    "country": "Germany",
    "club": "Bayern München"
  }
},
{
  "model": "ballon_dor.player",
  "pk": 25,
  "fields": {
    "name": "Lautaro Martínez",
    "country": "Argentina",
    "club": "Internazionale"
  }
},
{
  "model": "ballon_dor.player",
  "pk": 26,
  "fields": {
    "name": "Alessandro Bastoni",
    "country": "Italy",
    "club": "Internazionale"
  }
},
{
  "model": "ballon_dor.player",
  "pk": 27,
  "fields": {
    "name": "Alisson Becker",
    "country": "Brazil",
    "club": "Liverpool"
  }
},
{
  "model": "ballon_dor.player",
  "pk": 28,
  "fields": {
    "name": "Virgil van Dijk",
    "country": "Netherlands",
    "club": "Liverpool"
  }
},
{
  "model": "ballon_dor.player",
  "pk": 29,
  "fields": {
    "name": "Pau Cubarsí",
    "country": "Spain",
    "club": "Barcelona"
  }
},
{
  "model": "ballon_dor.player",
  "pk": 30,
  "fields": {
    "name": "Willian Pacho",
    "country": "Colombia",
    "club": "Paris Saint-Germain"
  }
},
{
  "model": "ballon_dor.player",
  "pk": 31,
  "fields": {
    "name": "Michael Olise",
    "country": "France",
    "club": "Bayern München"
  }
},
{
  "model": "ballon_dor.player",
  "pk": 32,
  "fields": {
    "name": "Stanley Matthews",
    "country": "England",
    "club": ""
  }
},
{
  "model": "ballon_dor.player",
  "pk": 33,
  "fields": {
    "name": "Alfredo Di Stéfano",
    "country": "Argentina",
    "club": ""
  }
},
{
  "model": "ballon_dor.player",
  "pk": 34,
  "fields": {
    "name": "Raymond Kopa",
    "country": "France",
    "club": ""
  }
},
{
  "model": "ballon_dor.player",
  "pk": 35,
  "fields": {
    "name": "Billy Wright",
    "country": "England",
    "club": ""
  }
},
{
  "model": "ballon_dor.player",
  "pk": 36,
  "fields": {
    "name": "Duncan Edwards",
    "country": "England",
    "club": ""
  }
},
{
  "model": "ballon_dor.player",
  "pk": 37,
  "fields": {
    "name": "Helmut Rahn",
    "country": "Germany",
    "club": ""
  }
},
{
  "model": "ballon_dor.player",
  "pk": 38,
  "fields": {
    "name": "Just Fontaine",
    "country": "France",
    "club": ""
  }
},
{
  "model": "ballon_dor.player",
  "pk": 39,
  "fields": {
    "name": "John Charles",
    "country": "Wales",
    "club": ""
  }
},
{
  "model": "ballon_dor.player",
  "pk": 40,
  "fields": {
    "name": "Luis Suárez",
    "country": "Uruguay",
    "club": ""
  }
},
{
  "model": "ballon_dor.player",
  "pk": 41,
  "fields": {
    "name": "Ferenc Puskás",
    "country": "Hungary",
    "club": ""
  }
},
{
  "model": "ballon_dor.player",
  "pk": 42,
  "fields": {
    "name": "Uwe Seeler",
    "country": "Germany",
    "club": ""
  }
},
{
  "model": "ballon_dor.player",
  "pk": 43,
  "fields": {
    "name": "Omar Sívori",
    "country": "Italy",
    "club": ""
  }
},
{
  "model": "ballon_dor.player",
  "pk": 44,
  "fields": {
    "name": "Johnny Haynes",
    "country": "England",
    "club": ""
  }
},
{
  "model": "ballon_dor.player",
  "pk": 45,
  "fields": {
    "name": "Josef Masopust",
    "country": "Czechoslovakia",
    "club": ""
  }
},
{
  "model": "ballon_dor.player",
  "pk": 46,
  "fields": {
    "name": "Eusébio",
    "country": "Portugal",
    "club": ""
  }
},
{
  "model": "ballon_dor.player",
  "pk": 47,
  "fields": {
    "name": "Karl-Heinz Schnellinger",
    "country": "Germany",
    "club": ""
  }
},
{
  "model": "ballon_dor.player",
  "pk": 48,
  "fields": {
    "name": "Lev Yashin",
    "country": "Russia",
    "club": ""
  }
},
{
  "model": "ballon_dor.player",
  "pk": 49,
  "fields": {
    "name": "Gianni Rivera",
    "country": "Italy",
    "club": ""
  }
},
{
  "model": "ballon_dor.player",
  "pk": 50,
  "fields": {
    "name": "Jimmy Greaves",
    "country": "England",
    "club": ""
  }
},
{
  "model": "ballon_dor.player",
  "pk": 51,
  "fields": {
    "name": "Denis Law",
    "country": "Scotland",
    "club": ""
  }
},
{
  "model": "ballon_dor.player",
  "pk": 52,
  "fields": {
    "name": "Amancio",
    "country": "Spain",
    "club": ""
  }
},
{
  "model": "ballon_dor.player",
  "pk": 53,
  "fields": {
    "name": "Giacinto Facchetti",
    "country": "Italy",
    "club": ""
  }
},
{
  "model": "ballon_dor.player",
  "pk": 54,
  "fields": {
    "name": "Bobby Charlton",
    "country": "England",
    "club": ""
  }
},
{
  "model": "ballon_dor.player",
  "pk": 55,
  "fields": {
    "name": "Franz Beckenbauer",
    "country": "Germany",
    "club": ""
  }
},
{
  "model": "ballon_dor.player",
  "pk": 56,
  "fields": {
    "name": "Flórián Albert",
    "country": "Hungary",
    "club": ""
  }
},
{
  "model": "ballon_dor.player",
  "pk": 57,
  "fields": {
    "name": "Jimmy Johnstone",
    "country": "Scotland",
    "club": ""
  }
},
{
  "model": "ballon_dor.player",
  "pk": 58,
  "fields": {
    "name": "George Best",
    "country": "Northern Ireland",
    "club": ""
  }
},
{
  "model": "ballon_dor.player",
  "pk": 59,
  "fields": {
    "name": "Dragan Džajić",
    "country": "Yugoslavia",
    "club": ""
  }
},
{
  "model": "ballon_dor.player",
  "pk": 60,
  "fields": {
    "name": "Luigi Riva",
    "country": "Italy",
    "club": ""
  }
},
{
  "model": "ballon_dor.player",
  "pk": 61,
  "fields": {
    "name": "Gerd Müller",
    "country": "Germany",
    "club": ""
  }
},
{
  "model": "ballon_dor.player",
  "pk": 62,
  "fields": {
    "name": "Bobby Moore",
    "country": "England",
    "club": ""
  }
},
{
  "model": "ballon_dor.player",
  "pk": 63,
  "fields": {
    "name": "Johan Cruyff",
    "country": "Netherlands",
    "club": ""
  }
},
{
  "model": "ballon_dor.player",
  "pk": 64,
  "fields": {
    "name": "Sandro Mazzola",
    "country": "Italy",
    "club": ""
  }
},
{
  "model": "ballon_dor.player",
  "pk": 65,
  "fields": {
    "name": "Günter Netzer",
    "country": "Germany",
    "club": ""
  }
},
{
  "model": "ballon_dor.player",
  "pk": 66,
  "fields": {
    "name": "Dino Zoff",
    "country": "Italy",
    "club": ""
  }
},
{
  "model": "ballon_dor.player",
  "pk": 67,
  "fields": {
    "name": "Kazimierz Deyna",
    "country": "Poland",
    "club": ""
  }
},
{
  "model": "ballon_dor.player",
  "pk": 68,
  "fields": {
    "name": "Oleg Blokhin",
    "country": "Russia",
    "club": ""
  }
},
{
  "model": "ballon_dor.player",
  "pk": 69,
  "fields": {
    "name": "Rob Rensenbrink",
    "country": "Netherlands",
    "club": ""
  }
},
{
  "model": "ballon_dor.player",
  "pk": 70,
  "fields": {
    "name": "Ivo Viktor",
    "country": "Czechoslovakia",
    "club": ""
  }
},
{
  "model": "ballon_dor.player",
  "pk": 71,
  "fields": {
    "name": "Allan Simonsen",
    "country": "Denmark",
    "club": ""
  }
},
{
  "model": "ballon_dor.player",
  "pk": 72,
  "fields": {
    "name": "Kevin Keegan",
    "country": "England",
    "club": ""
  }
},
{
  "model": "ballon_dor.player",
  "pk": 73,
  "fields": {
    "name": "Michel Platini",
    "country": "France",
    "club": ""
  }
},
{
  "model": "ballon_dor.player",
  "pk": 74,
  "fields": {
    "name": "Hans Krankl",
    "country": "Austria",
    "club": ""
  }
},
{
  "model": "ballon_dor.player",
  "pk": 75,
  "fields": {
    "name": "Karl-Heinz Rummenigge",
    "country": "Germany",
    "club": ""
  }
},
{
  "model": "ballon_dor.player",
  "pk": 76,
  "fields": {
    "name": "Ruud Krol",
    "country": "Netherlands",
    "club": ""
  }
},
{
  "model": "ballon_dor.player",
  "pk": 77,
  "fields": {
    "name": "Bernd Schuster",
    "country": "Germany",
    "club": ""
  }
},
{
  "model": "ballon_dor.player",
  "pk": 78,
  "fields": {
    "name": "Paul Breitner",
    "country": "Germany",
    "club": ""
  }
},
{
  "model": "ballon_dor.player",
  "pk": 79,
  "fields": {
    "name": "Paolo Rossi",
    "country": "Italy",
    "club": ""
  }
},
{
  "model": "ballon_dor.player",
  "pk": 80,
  "fields": {
    "name": "Alain Giresse",
    "country": "France",
    "club": ""
  }
},
{
  "model": "ballon_dor.player",
  "pk": 81,
  "fields": {
    "name": "Zbigniew Boniek",
    "country": "Poland",
    "club": ""
  }
},
{
  "model": "ballon_dor.player",
  "pk": 82,
  "fields": {
    "name": "Kenny Dalglish",
    "country": "Scotland",
    "club": ""
  }
},
{
  "model": "ballon_dor.player",
  "pk": 83,
  "fields": {
    "name": "Jean Tigana",
    "country": "France",
    "club": ""
  }
},
{
  "model": "ballon_dor.player",
  "pk": 84,
  "fields": {
    "name": "Preben Elkjær",
    "country": "Denmark",
    "club": ""
  }
},
{
  "model": "ballon_dor.player",
  "pk": 85,
  "fields": {
    "name": "Igor Belanov",
    "country": "Russia",
    "club": ""
  }
},
{
  "model": "ballon_dor.player",
  "pk": 86,
  "fields": {
    "name": "Gary Lineker",
    "country": "England",
    "club": ""
  }
},
{
  "model": "ballon_dor.player",
  "pk": 87,
  "fields": {
    "name": "Emilio Butragueño",
    "country": "Spain",
    "club": ""
  }
},
{
  "model": "ballon_dor.player",
  "pk": 88,
  "fields": {
    "name": "Ruud Gullit",
    "country": "Netherlands",
    "club": ""
  }
},
{
  "model": "ballon_dor.player",
  "pk": 89,
  "fields": {
    "name": "Paulo Futre",
    "country": "Portugal",
    "club": ""
  }
},
{
  "model": "ballon_dor.player",
  "pk": 90,
  "fields": {
    "name": "Marco van Basten",
    "country": "Netherlands",
    "club": ""
  }
},
{
  "model": "ballon_dor.player",
  "pk": 91,
  "fields": {
    "name": "Frank Rijkaard",
    "country": "Netherlands",
    "club": ""
  }
},
{
  "model": "ballon_dor.player",
  "pk": 92,
  "fields": {
    "name": "Franco Baresi",
    "country": "Italy",
    "club": ""
  }
},
{
  "model": "ballon_dor.player",
  "pk": 93,
  "fields": {
    "name": "Lothar Matthäus",
    "country": "Germany",
    "club": ""
  }
},
{
  "model": "ballon_dor.player",
  "pk": 94,
  "fields": {
    "name": "Salvatore Schillaci",
    "country": "Italy",
    "club": ""
  }
},
{
  "model": "ballon_dor.player",
  "pk": 95,
  "fields": {
    "name": "Andreas Brehme",
    "country": "Germany",
    "club": ""
  }
},
{
  "model": "ballon_dor.player",
  "pk": 96,
  "fields": {
    "name": "Jean-Pierre Papin",
    "country": "France",
    "club": ""
  }
},
{
  "model": "ballon_dor.player",
  "pk": 97,
  "fields": {
    "name": "Dejan Savićević",
    "country": "Yugoslavia",
    "club": ""
  }
},
{
  "model": "ballon_dor.player",
  "pk": 98,
  "fields": {
    "name": "Darko Pančev",
    "country": "Yugoslavia",
    "club": ""
  }
},
{
  "model": "ballon_dor.player",
  "pk": 99,
  "fields": {
    "name": "Hristo Stoichkov",
    "country": "Bulgaria",
    "club": ""
  }
},
{
  "model": "ballon_dor.player",
  "pk": 100,
  "fields": {
    "name": "Dennis Bergkamp",
    "country": "Netherlands",
    "club": ""
  }
},
{
  "model": "ballon_dor.player",
  "pk": 101,
  "fields": {
    "name": "Roberto Baggio",
    "country": "Italy",
    "club": ""
  }
},
{
  "model": "ballon_dor.player",
  "pk": 102,
  "fields": {
    "name": "Eric Cantona",
    "country": "France",
    "club": ""
  }
},
{
  "model": "ballon_dor.player",
  "pk": 103,
  "fields": {
    "name": "Paolo Maldini",
    "country": "Italy",
    "club": ""
  }
},
{
  "model": "ballon_dor.player",
  "pk": 104,
  "fields": {
    "name": "George Weah",
    "country": "Liberia",
    "club": ""
  }
},
{
  "model": "ballon_dor.player",
  "pk": 105,
  "fields": {
    "name": "Jürgen Klinsmann",
    "country": "Germany",
    "club": ""
  }
},
{
  "model": "ballon_dor.player",
  "pk": 106,
  "fields": {
    "name": "Jari Litmanen",
    "country": "Finland",
    "club": ""
  }
},
{
  "model": "ballon_dor.player",
  "pk": 107,
  "fields": {
    "name": "Matthias Sammer",
    "country": "Germany",
    "club": ""
  }
},
{
  "model": "ballon_dor.player",
  "pk": 108,
  "fields": {
    "name": "Ronaldo",
    "country": "Brazil",
    "club": ""
  }
},
{
  "model": "ballon_dor.player",
  "pk": 109,
  "fields": {
    "name": "Alan Shearer",
    "country": "England",
    "club": ""
  }
},
{
  "model": "ballon_dor.player",
  "pk": 110,
  "fields": {
    "name": "Predrag Mijatović",
    "country": "Yugoslavia",
    "club": ""
  }
},
{
  "model": "ballon_dor.player",
  "pk": 111,
  "fields": {
    "name": "Zinedine Zidane",
    "country": "France",
    "club": ""
  }
},
{
  "model": "ballon_dor.player",
  "pk": 112,
  "fields": {
    "name": "Davor Šuker",
    "country": "Croatia",
    "club": ""
  }
},
{
  "model": "ballon_dor.player",
  "pk": 113,
  "fields": {
    "name": "Rivaldo",
    "country": "Brazil",
    "club": ""
  }
},
{
  "model": "ballon_dor.player",
  "pk": 114,
  "fields": {
    "name": "David Beckham",
    "country": "England",
    "club": ""
  }
},
{
  "model": "ballon_dor.player",
  "pk": 115,
  "fields": {
    "name": "Andriy Shevchenko",
    "country": "Ukraine",
    "club": ""
  }
},
{
  "model": "ballon_dor.player",
  "pk": 116,
  "fields": {
    "name": "Luís Figo",
    "country": "Portugal",
    "club": ""
  }
},
{
  "model": "ballon_dor.player",
  "pk": 117,
  "fields": {
    "name": "Michael Owen",
    "country": "England",
    "club": ""
  }
},
{
  "model": "ballon_dor.player",
  "pk": 118,
  "fields": {
    "name": "Raúl",
    "country": "Spain",
    "club": ""
  }
},
{
  "model": "ballon_dor.player",
  "pk": 119,
  "fields": {
    "name": "Oliver Kahn",
    "country": "Germany",
    "club": ""
  }
},
{
  "model": "ballon_dor.player",
  "pk": 120,
  "fields": {
    "name": "Roberto Carlos",
    "country": "Brazil",
    "club": ""
  }
},
{
  "model": "ballon_dor.player",
  "pk": 121,
  "fields": {
    "name": "Pavel Nedvěd",
    "country": "Czech Republic",
    "club": ""
  }
},
{
  "model": "ballon_dor.player",
  "pk": 122,
  "fields": {
    "name": "Thierry Henry",
    "country": "France",
    "club": ""
  }
},
{
  "model": "ballon_dor.player",
  "pk": 123,
  "fields": {
    "name": "Deco",
    "country": "Portugal",
    "club": ""
  }
},
{
  "model": "ballon_dor.player",
  "pk": 124,
  "fields": {
    "name": "Ronaldinho",
    "country": "Brazil",
    "club": ""
  }
},
{
  "model": "ballon_dor.player",
  "pk": 125,
  "fields": {
    "name": "Frank Lampard",
    "country": "England",
    "club": ""
  }
},
{
  "model": "ballon_dor.player",
  "pk": 126,
  "fields": {
    "name": "Steven Gerrard",
    "country": "England",
    "club": ""
  }
},
{
  "model": "ballon_dor.player",
  "pk": 127,
  "fields": {
    "name": "Fabio Cannavaro",
    "country": "Italy",
    "club": ""
  }
},
{
  "model": "ballon_dor.player",
  "pk": 128,
  "fields": {
    "name": "Gianluigi Buffon",
    "country": "Italy",
    "club": ""
  }
},
{
  "model": "ballon_dor.player",
  "pk": 129,
  "fields": {
    "name": "Kaká",
    "country": "Brazil",
    "club": ""
  }
},
{
  "model": "ballon_dor.player",
  "pk": 130,
  "fields": {
    "name": "Cristiano Ronaldo",
    "country": "Portugal",
    "club": ""
  }
},
{
  "model": "ballon_dor.player",
  "pk": 131,
  "fields": {
    "name": "Lionel Messi",
    "country": "Argentina",
    "club": ""
  }
},
{
  "model": "ballon_dor.player",
  "pk": 132,
  "fields": {
    "name": "Fernando Torres",
    "country": "Spain",
    "club": ""
  }
},
{
  "model": "ballon_dor.player",
  "pk": 133,
  "fields": {
    "name": "Xavi",
    "country": "Spain",
    "club": ""
  }
},
{
  "model": "ballon_dor.player",
  "pk": 134,
  "fields": {
    "name": "Andrés Iniesta",
    "country": "Spain",
    "club": ""
  }
},
{
  "model": "ballon_dor.player",
  "pk": 135,
  "fields": {
    "name": "Franck Ribéry",
    "country": "France",
    "club": ""
  }
},
{
  "model": "ballon_dor.player",
  "pk": 136,
  "fields": {
    "name": "Manuel Neuer",
    "country": "Germany",
    "club": ""
  }
},
{
  "model": "ballon_dor.player",
  "pk": 137,
  "fields": {
    "name": "Neymar",
    "country": "Brazil",
    "club": ""
  }
},
{
  "model": "ballon_dor.player",
  "pk": 138,
  "fields": {
    "name": "Antoine Griezmann",
    "country": "France",
    "club": ""
  }
},
{
  "model": "ballon_dor.player",
  "pk": 139,
  "fields": {
    "name": "Luka Modrić",
    "country": "Croatia",
    "club": ""
  }
},
{
  "model": "ballon_dor.player",
  "pk": 140,
  "fields": {
    "name": "Jorginho",
    "country": "Italy",
    "club": ""
  }
},
{
  "model": "ballon_dor.player",
  "pk": 141,
  "fields": {
    "name": "Karim Benzema",
    "country": "France",
    "club": ""
  }
},
{
  "model": "ballon_dor.player",
  "pk": 142,
  "fields": {
    "name": "Sadio Mané",
    "country": "Senegal",
    "club": ""
  }
},
{
  "model": "ballon_dor.player",
  "pk": 143,
  "fields": {
    "name": "Kevin De Bruyne",
    "country": "Belgium",
    "club": ""
  }
},
{
  "model": "ballon_dor.player",
  "pk": 144,
  "fields": {
    "name": "Kylian Mbappé",
    "country": "France",
    "club": ""
  }
},
{
  "model": "ballon_dor.player",
  "pk": 145,
  "fields": {
    "name": "Rodri",
    "country": "Spain",
    "club": ""
  }
},
{
  "model": "ballon_dor.player",
  "pk": 146,
  "fields": {
    "name": "Vinicius Jr",
    "country": "Brazil",
    "club": ""
  }
},
{
  "model": "ballon_dor.candidate",
  "pk": 1,
  "fields": {
    "player": 1,
    "year": 2025
  }
},
{
  "model": "ballon_dor.candidate",
  "pk": 2,
  "fields": {
    "player": 2,
    "year": 2025
  }
},
{
  "model": "ballon_dor.candidate",
  "pk": 3,
  "fields": {
    "player": 3,
    "year": 2025
  }
},
{
  "model": "ballon_dor.candidate",
  "pk": 4,
  "fields": {
    "player": 4,
    "year": 2025
  }
},
{
  "model": "ballon_dor.candidate",
  "pk": 6,
  "fields": {
    "player": 5,
    "year": 2025
  }
},
{
  "model": "ballon_dor.candidate",
  "pk": 7,
  "fields": {
    "player": 6,
    "year": 2025
  }
},
{
  "model": "ballon_dor.candidate",
  "pk": 8,
  "fields": {
    "player": 7,
    "year": 2025
  }
},
{
  "model": "ballon_dor.candidate",
  "pk": 9,
  "fields": {
    "player": 8,
    "year": 2025
  }
},
{
  "model": "ballon_dor.candidate",
  "pk": 10,
  "fields": {
    "player": 9,
    "year": 2025
  }
},
{
  "model": "ballon_dor.candidate",
  "pk": 11,
  "fields": {
    "player": 10,
    "year": 2025
  }
},
{
  "model": "ballon_dor.candidate",
  "pk": 12,
  "fields": {
    "player": 11,
    "year": 2025
  }
},
{
  "model": "ballon_dor.candidate",
  "pk": 14,
  "fields": {
    "player": 12,
    "year": 2025
  }
},
{
  "model": "ballon_dor.candidate",
  "pk": 15,
  "fields": {
    "player": 13,
    "year": 2025
  }
},
{
  "model": "ballon_dor.candidate",
  "pk": 16,
  "fields": {
    "player": 14,
    "year": 2025
  }
},
{
  "model": "ballon_dor.candidate",
  "pk": 17,
  "fields": {
    "player": 15,
    "year": 2025
  }
},
{
  "model": "ballon_dor.candidate",
  "pk": 18,
  "fields": {
    "player": 16,
    "year": 2025
  }
},
{
  "model": "ballon_dor.candidate",
  "pk": 19,
  "fields": {
    "player": 17,
    "year": 2025
  }
},
{
  "model": "ballon_dor.candidate",
  "pk": 20,
  "fields": {
    "player": 18,
    "year": 2025
  }
},
{
  "model": "ballon_dor.candidate",
  "pk": 21,
  "fields": {
    "player": 19,
    "year": 2025
  }
},
{
  "model": "ballon_dor.candidate",
  "pk": 22,
  "fields": {
    "player": 20,
    "year": 2025
  }
},
{
  "model": "ballon_dor.candidate",
  "pk": 23,
  "fields": {
    "player": 21,
    "year": 2025
  }
},
{
  "model": "ballon_dor.candidate",
  "pk": 24,
  "fields": {
    "player": 22,
    "year": 2025
  }
},
{
  "model": "ballon_dor.candidate",
  "pk": 25,
  "fields": {
    "player": 24,
    "year": 2025
  }
},
{
  "model": "ballon_dor.candidate",
  "pk": 26,
  "fields": {
    "player": 25,
    "year": 2025
  }
},
{
  "model": "ballon_dor.candidate",
  "pk": 27,
  "fields": {
    "player": 26,
    "year": 2025
  }
},
{
  "model": "ballon_dor.candidate",
  "pk": 28,
  "fields": {
    "player": 27,
    "year": 2025
  }
},
{
  "model": "ballon_dor.candidate",
  "pk": 29,
  "fields": {
    "player": 28,
    "year": 2025
  }
},
{
  "model": "ballon_dor.candidate",
  "pk": 30,
  "fields": {
    "player": 29,
    "year": 2025
  }
},
{
  "model": "ballon_dor.candidate",
  "pk": 31,
  "fields": {
    "player": 30,
    "year": 2025
  }
},
{
  "model": "ballon_dor.candidate",
  "pk": 32,
  "fields": {
    "player": 31,
    "year": 2025
  }
},
{
  "model": "ballon_dor.club",
  "pk": 1,
  "fields": {
    "name": "Barcelona"
  }
},
{
  "model": "ballon_dor.club",
  "pk": 2,
  "fields": {
    "name": "Paris Saint-Germain"
  }
},
{
  "model": "ballon_dor.club",
  "pk": 3,
  "fields": {
    "name": "Manchester City"
  }
},
{
  "model": "ballon_dor.club",
  "pk": 4,
  "fields": {
    "name": "Real Madrid"
  }
},
{
  "model": "ballon_dor.club",
  "pk": 5,
  "fields": {
    "name": "Bayern München"
  }
},
{
  "model": "ballon_dor.club",
  "pk": 6,
  "fields": {
    "name": "Bayer Leverkusen"
  }
},
{
  "model": "ballon_dor.club",
  "pk": 7,
  "fields": {
    "name": "Liverpool"
  }
},
{
  "model": "ballon_dor.club",
  "pk": 8,
  "fields": {
    "name": "Internazionale"
  }
},
{
  "model": "ballon_dor.club",
  "pk": 9,
  "fields": {
    "name": "Arsenal"
  }
},
{
  "model": "ballon_dor.club",
  "pk": 10,
  "fields": {
    "name": "Sporting CP"
  }
},
{
  "model": "ballon_dor.club",
  "pk": 11,
  "fields": {
    "name": "Blackpool"
  }
},
{
  "model": "ballon_dor.club",
  "pk": 12,
  "fields": {
    "name": "Wolverhampton Wanderers"
  }
},
{
  "model": "ballon_dor.club",
  "pk": 13,
  "fields": {
    "name": "Manchester United"
  }
},
{
  "model": "ballon_dor.club",
  "pk": 14,
  "fields": {
    "name": "Rot-Weiss Essen"
  }
},
{
  "model": "ballon_dor.club",
  "pk": 15,
  "fields": {
    "name": "Stade de Reims"
  }
},
{
  "model": "ballon_dor.club",
  "pk": 16,
  "fields": {
    "name": "Juventus"
  }
},
{
  "model": "ballon_dor.club",
  "pk": 17,
  "fields": {
    "name": "Hamburg"
  }
},
{
  "model": "ballon_dor.club",
  "pk": 18,
  "fields": {
    "name": "Fulham"
  }
},
{
  "model": "ballon_dor.club",
  "pk": 19,
  "fields": {
    "name": "Dukla Prague"
  }
},
{
  "model": "ballon_dor.club",
  "pk": 20,
  "fields": {
    "name": "Benfica"
  }
},
{
  "model": "ballon_dor.club",
  "pk": 21,
  "fields": {
    "name": "Köln"
  }
},
{
  "model": "ballon_dor.club",
  "pk": 22,
  "fields": {
    "name": "Dynamo Moscow"
  }
},
{
  "model": "ballon_dor.club",
  "pk": 23,
  "fields": {
    "name": "Milan"
  }
},
{
  "model": "ballon_dor.club",
  "pk": 24,
  "fields": {
    "name": "Tottenham Hotspur"
  }
},
{
  "model": "ballon_dor.club",
  "pk": 25,
  "fields": {
    "name": "Bayern Munich"
  }
},
{
  "model": "ballon_dor.club",
  "pk": 26,
  "fields": {
    "name": "Ferencváros"
  }
},
{
  "model": "ballon_dor.club",
  "pk": 27,
  "fields": {
    "name": "Celtic"
  }
},
{
  "model": "ballon_dor.club",
  "pk": 28,
  "fields": {
    "name": "Red Star Belgrade"
  }
},
{
  "model": "ballon_dor.club",
  "pk": 29,
  "fields": {
    "name": "Cagliari"
  }
},
{
  "model": "ballon_dor.club",
  "pk": 30,
  "fields": {
    "name": "West Ham United"
  }
},
{
  "model": "ballon_dor.club",
  "pk": 31,
  "fields": {
    "name": "Ajax"
  }
},
{
  "model": "ballon_dor.club",
  "pk": 32,
  "fields": {
    "name": "Borussia Mönchengladbach"
  }
},
{
  "model": "ballon_dor.club",
  "pk": 33,
  "fields": {
    "name": "Legia Warsaw"
  }
},
{
  "model": "ballon_dor.club",
  "pk": 34,
  "fields": {
    "name": "Dynamo Kyiv"
  }
},
{
  "model": "ballon_dor.club",
  "pk": 35,
  "fields": {
    "name": "Anderlecht"
  }
},
{
  "model": "ballon_dor.club",
  "pk": 36,
  "fields": {
    "name": "Nancy"
  }
},
{
  "model": "ballon_dor.club",
  "pk": 37,
  "fields": {
    "name": "Saint-Étienne"
  }
},
{
  "model": "ballon_dor.club",
  "pk": 38,
  "fields": {
    "name": "Bordeaux"
  }
},
{
  "model": "ballon_dor.club",
  "pk": 39,
  "fields": {
    "name": "Vejle"
  }
},
{
  "model": "ballon_dor.club",
  "pk": 40,
  "fields": {
    "name": "Hellas Verona"
  }
},
{
  "model": "ballon_dor.club",
  "pk": 41,
  "fields": {
    "name": "Atlético Madrid"
  }
},
{
  "model": "ballon_dor.club",
  "pk": 42,
  "fields": {
    "name": "Marseille"
  }
},
{
  "model": "ballon_dor.club",
  "pk": 43,
  "fields": {
    "name": "Borussia Dortmund"
  }
},
{
  "model": "ballon_dor.club",
  "pk": 44,
  "fields": {
    "name": "Newcastle United"
  }
},
{
  "model": "ballon_dor.club",
  "pk": 45,
  "fields": {
    "name": "Chelsea"
  }
},
{
  "model": "ballon_dor.nationalteam",
  "pk": 1,
  "fields": {
    "name": "Argentina"
  }
},
{
  "model": "ballon_dor.nationalteam",
  "pk": 2,
  "fields": {
    "name": "Brazil"
  }
},
{
  "model": "ballon_dor.nationalteam",
  "pk": 3,
  "fields": {
    "name": "Colombia"
  }
},
{
  "model": "ballon_dor.nationalteam",
  "pk": 4,
  "fields": {
    "name": "France"
  }
},
{
  "model": "ballon_dor.nationalteam",
  "pk": 5,
  "fields": {
    "name": "England"
  }
},
{
  "model": "ballon_dor.nationalteam",
  "pk": 6,
  "fields": {
    "name": "Morocco"
  }
},
{
  "model": "ballon_dor.nationalteam",
  "pk": 7,
  "fields": {
    "name": "Sweden"
  }
},
{
  "model": "ballon_dor.nationalteam",
  "pk": 8,
  "fields": {
    "name": "Spain"
  }
},
{
  "model": "ballon_dor.nationalteam",
  "pk": 9,
  "fields": {
    "name": "Germany"
  }
},
{
  "model": "ballon_dor.nationalteam",
  "pk": 10,
  "fields": {
    "name": "Norway"
  }
},
{
  "model": "ballon_dor.nationalteam",
  "pk": 11,
  "fields": {
    "name": "Egypt"
  }
},
{
  "model": "ballon_dor.nationalteam",
  "pk": 12,
  "fields": {
    "name": "Italy"
  }
},
{
  "model": "ballon_dor.nationalteam",
  "pk": 13,
  "fields": {
    "name": "Poland"
  }
},
{
  "model": "ballon_dor.nationalteam",
  "pk": 14,
  "fields": {
    "name": "Portugal"
  }
},
{
  "model": "ballon_dor.nationalteam",
  "pk": 15,
  "fields": {
    "name": "Georgia"
  }
},
{
  "model": "ballon_dor.nationalteam",
  "pk": 16,
  "fields": {
    "name": "Netherlands"
  }
},
{
  "model": "ballon_dor.nationalteam",
  "pk": 17,
  "fields": {
    "name": "Unknown"
  }
},
{
  "model": "ballon_dor.nationalteam",
  "pk": 18,
  "fields": {
    "name": "Bulgaria"
  }
},
{
  "model": "ballon_dor.nationalteam",
  "pk": 19,
  "fields": {
    "name": "Uruguay"
  }
},
{
  "model": "ballon_dor.nationalteam",
  "pk": 20,
  "fields": {
    "name": "Russia"
  }
},
{
  "model": "ballon_dor.nationalteam",
  "pk": 21,
  "fields": {
    "name": "Scotland"
  }
},
{
  "model": "ballon_dor.nationalteam",
  "pk": 22,
  "fields": {
    "name": "Denmark"
  }
},
{
  "model": "ballon_dor.nationalteam",
  "pk": 23,
  "fields": {
    "name": "Liberia"
  }
},
{
  "model": "ballon_dor.nationalteam",
  "pk": 24,
  "fields": {
    "name": "Finland"
  }
},
{
  "model": "ballon_dor.nationalteam",
  "pk": 25,
  "fields": {
    "name": "Yugoslavia"
  }
},
{
  "model": "ballon_dor.nationalteam",
  "pk": 26,
  "fields": {
    "name": "Croatia"
  }
},
{
  "model": "ballon_dor.nationalteam",
  "pk": 27,
  "fields": {
    "name": "Ukraine"
  }
},
{
  "model": "ballon_dor.nationalteam",
  "pk": 28,
  "fields": {
    "name": "Czech Republic"
  }
},
{
  "model": "ballon_dor.nationalteam",
  "pk": 29,
  "fields": {
    "name": "Senegal"
  }
},
{
  "model": "ballon_dor.nationalteam",
  "pk": 30,
  "fields": {
    "name": "Belgium"
  }
},
{
  "model": "ballon_dor.nationalteam",
  "pk": 31,
  "fields": {
    "name": "Wales"
  }
},
{
  "model": "ballon_dor.nationalteam",
  "pk": 32,
  "fields": {
    "name": "Hungary"
  }
},
{
  "model": "ballon_dor.nationalteam",
  "pk": 33,
  "fields": {
    "name": "Czechoslovakia"
  }
},
{
  "model": "ballon_dor.nationalteam",
  "pk": 34,
  "fields": {
    "name": "Northern Ireland"
  }
},
{
  "model": "ballon_dor.nationalteam",
  "pk": 35,
  "fields": {
    "name": "Austria"
  }
},
{
  "model": "ballon_dor.ballondorresult",
  "pk": 1,
  "fields": {
    "year": 1956,
    "rank": 1,
    "player": 32,
    "club_at_award": 11,
    "nationality_at_award": 5,
    "points": 47
  }
},
{
  "model": "ballon_dor.ballondorresult",
  "pk": 2,
  "fields": {
    "year": 1956,
    "rank": 2,
    "player": 33,
    "club_at_award": 4,
    "nationality_at_award": 1,
    "points": 44
  }
},
{
  "model": "ballon_dor.ballondorresult",
  "pk": 3,
  "fields": {
    "year": 1956,
    "rank": 3,
    "player": 34,
    "club_at_award": 4,
    "nationality_at_award": 4,
    "points": 33
  }
},
{
  "model": "ballon_dor.ballondorresult",
  "pk": 4,
  "fields": {
    "year": 1957,
    "rank": 1,
    "player": 33,
    "club_at_award": 4,
    "nationality_at_award": 1,
    "points": 72
  }
},
{
  "model": "ballon_dor.ballondorresult",
  "pk": 5,
  "fields": {
    "year": 1957,
    "rank": 2,
    "player": 35,
    "club_at_award": 12,
    "nationality_at_award": 5,
    "points": 19
  }
},
{
  "model": "ballon_dor.ballondorresult",
  "pk": 6,
  "fields": {
    "year": 1957,
    "rank": 3,
    "player": 34,
    "club_at_award": 4,
    "nationality_at_award": 4,
    "points": 16
  }
},
{
  "model": "ballon_dor.ballondorresult",
  "pk": 7,
  "fields": {
    "year": 1958,
    "rank": 1,
    "player": 34,
    "club_at_award": 4,
    "nationality_at_award": 4,
    "points": 71
  }
},
{
  "model": "ballon_dor.ballondorresult",
  "pk": 8,
  "fields": {
    "year": 1958,
    "rank": 2,
    "player": 37,
    "club_at_award": 14,
    "nationality_at_award": 9,
    "points": 40
  }
},
{
  "model": "ballon_dor.ballondorresult",
  "pk": 9,
  "fields": {
    "year": 1958,
    "rank": 3,
    "player": 38,
    "club_at_award": 15,
    "nationality_at_award": 4,
    "points": 23
  }
},
{
  "model": "ballon_dor.ballondorresult",
  "pk": 10,
  "fields": {
    "year": 1959,
    "rank": 1,
    "player": 33,
    "club_at_award": 4,
    "nationality_at_award": 1,
    "points": 80
  }
},
{
  "model": "ballon_dor.ballondorresult",
  "pk": 11,
  "fields": {
    "year": 1959,
    "rank": 2,
    "player": 34,
    "club_at_award": 15,
    "nationality_at_award": 4,
    "points": 42
  }
},
{
  "model": "ballon_dor.ballondorresult",
  "pk": 12,
  "fields": {
    "year": 1959,
    "rank": 3,
    "player": 39,
    "club_at_award": 16,
    "nationality_at_award": 31,
    "points": 24
  }
},
{
  "model": "ballon_dor.ballondorresult",
  "pk": 13,
  "fields": {
    "year": 1960,
    "rank": 1,
    "player": 40,
    "club_at_award": 1,
    "nationality_at_award": 19,
    "points": 54
  }
},
{
  "model": "ballon_dor.ballondorresult",
  "pk": 14,
  "fields": {
    "year": 1960,
    "rank": 2,
    "player": 41,
    "club_at_award": 4,
    "nationality_at_award": 32,
    "points": 37
  }
},
{
  "model": "ballon_dor.ballondorresult",
  "pk": 15,
  "fields": {
    "year": 1960,
    "rank": 3,
    "player": 42,
    "club_at_award": 17,
    "nationality_at_award": 9,
    "points": 33
  }
},
{
  "model": "ballon_dor.ballondorresult",
  "pk": 16,
  "fields": {
    "year": 1961,
    "rank": 1,
    "player": 43,
    "club_at_award": 16,
    "nationality_at_award": 12,
    "points": 46
  }
},
{
  "model": "ballon_dor.ballondorresult",
  "pk": 17,
  "fields": {
    "year": 1961,
    "rank": 2,
    "player": 40,
    "club_at_award": 8,
    "nationality_at_award": 19,
    "points": 40
  }
},
{
  "model": "ballon_dor.ballondorresult",
  "pk": 18,
  "fields": {
    "year": 1961,
    "rank": 3,
    "player": 44,
    "club_at_award": 18,
    "nationality_at_award": 5,
    "points": 22
  }
},
{
  "model": "ballon_dor.ballondorresult",
  "pk": 19,
  "fields": {
    "year": 1962,
    "rank": 1,
    "player": 45,
    "club_at_award": 19,
    "nationality_at_award": 33,
    "points": 65
  }
},
{
  "model": "ballon_dor.ballondorresult",
  "pk": 20,
  "fields": {
    "year": 1962,
    "rank": 2,
    "player": 46,
    "club_at_award": 20,
    "nationality_at_award": 14,
    "points": 53
  }
},
{
  "model": "ballon_dor.ballondorresult",
  "pk": 21,
  "fields": {
    "year": 1962,
    "rank": 3,
    "player": 47,
    "club_at_award": 21,
    "nationality_at_award": 9,
    "points": 33
  }
},
{
  "model": "ballon_dor.ballondorresult",
  "pk": 22,
  "fields": {
    "year": 1963,
    "rank": 1,
    "player": 48,
    "club_at_award": 22,
    "nationality_at_award": 20,
    "points": 73
  }
},
{
  "model": "ballon_dor.ballondorresult",
  "pk": 23,
  "fields": {
    "year": 1963,
    "rank": 2,
    "player": 49,
    "club_at_award": 23,
    "nationality_at_award": 12,
    "points": 55
  }
},
{
  "model": "ballon_dor.ballondorresult",
  "pk": 24,
  "fields": {
    "year": 1963,
    "rank": 3,
    "player": 50,
    "club_at_award": 24,
    "nationality_at_award": 5,
    "points": 50
  }
},
{
  "model": "ballon_dor.ballondorresult",
  "pk": 25,
  "fields": {
    "year": 1964,
    "rank": 1,
    "player": 51,
    "club_at_award": 13,
    "nationality_at_award": 21,
    "points": 61
  }
},
{
  "model": "ballon_dor.ballondorresult",
  "pk": 26,
  "fields": {
    "year": 1964,
    "rank": 2,
    "player": 40,
    "club_at_award": 8,
    "nationality_at_award": 19,
    "points": 43
  }
},
{
  "model": "ballon_dor.ballondorresult",
  "pk": 27,
  "fields": {
    "year": 1964,
    "rank": 3,
    "player": 52,
    "club_at_award": 4,
    "nationality_at_award": 8,
    "points": 38
  }
},
{
  "model": "ballon_dor.ballondorresult",
  "pk": 28,
  "fields": {
    "year": 1965,
    "rank": 1,
    "player": 46,
    "club_at_award": 20,
    "nationality_at_award": 14,
    "points": 67
  }
},
{
  "model": "ballon_dor.ballondorresult",
  "pk": 29,
  "fields": {
    "year": 1965,
    "rank": 2,
    "player": 53,
    "club_at_award": 8,
    "nationality_at_award": 12,
    "points": 59
  }
},
{
  "model": "ballon_dor.ballondorresult",
  "pk": 30,
  "fields": {
    "year": 1965,
    "rank": 3,
    "player": 40,
    "club_at_award": 8,
    "nationality_at_award": 19,
    "points": 45
  }
},
{
  "model": "ballon_dor.ballondorresult",
  "pk": 31,
  "fields": {
    "year": 1966,
    "rank": 1,
    "player": 54,
    "club_at_award": 13,
    "nationality_at_award": 5,
    "points": 81
  }
},
{
  "model": "ballon_dor.ballondorresult",
  "pk": 32,
  "fields": {
    "year": 1966,
    "rank": 2,
    "player": 46,
    "club_at_award": 20,
    "nationality_at_award": 14,
    "points": 80
  }
},
{
  "model": "ballon_dor.ballondorresult",
  "pk": 33,
  "fields": {
    "year": 1966,
    "rank": 3,
    "player": 55,
    "club_at_award": 25,
    "nationality_at_award": 9,
    "points": 59
  }
},
{
  "model": "ballon_dor.ballondorresult",
  "pk": 34,
  "fields": {
    "year": 1967,
    "rank": 1,
    "player": 56,
    "club_at_award": 26,
    "nationality_at_award": 32,
    "points": 68
  }
},
{
  "model": "ballon_dor.ballondorresult",
  "pk": 35,
  "fields": {
    "year": 1967,
    "rank": 2,
    "player": 54,
    "club_at_award": 13,
    "nationality_at_award": 5,
    "points": 40
  }
},
{
  "model": "ballon_dor.ballondorresult",
  "pk": 36,
  "fields": {
    "year": 1967,
    "rank": 3,
    "player": 57,
    "club_at_award": 27,
    "nationality_at_award": 21,
    "points": 39
  }
},
{
  "model": "ballon_dor.ballondorresult",
  "pk": 37,
  "fields": {
    "year": 1968,
    "rank": 1,
    "player": 58,
    "club_at_award": 13,
    "nationality_at_award": 34,
    "points": 61
  }
},
{
  "model": "ballon_dor.ballondorresult",
  "pk": 38,
  "fields": {
    "year": 1968,
    "rank": 2,
    "player": 54,
    "club_at_award": 13,
    "nationality_at_award": 5,
    "points": 53
  }
},
{
  "model": "ballon_dor.ballondorresult",
  "pk": 39,
  "fields": {
    "year": 1968,
    "rank": 3,
    "player": 59,
    "club_at_award": 28,
    "nationality_at_award": 25,
    "points": 46
  }
},
{
  "model": "ballon_dor.ballondorresult",
  "pk": 40,
  "fields": {
    "year": 1969,
    "rank": 1,
    "player": 49,
    "club_at_award": 23,
    "nationality_at_award": 12,
    "points": 83
  }
},
{
  "model": "ballon_dor.ballondorresult",
  "pk": 41,
  "fields": {
    "year": 1969,
    "rank": 2,
    "player": 60,
    "club_at_award": 29,
    "nationality_at_award": 12,
    "points": 79
  }
},
{
  "model": "ballon_dor.ballondorresult",
  "pk": 42,
  "fields": {
    "year": 1969,
    "rank": 3,
    "player": 61,
    "club_at_award": 25,
    "nationality_at_award": 9,
    "points": 38
  }
},
{
  "model": "ballon_dor.ballondorresult",
  "pk": 43,
  "fields": {
    "year": 1970,
    "rank": 1,
    "player": 61,
    "club_at_award": 25,
    "nationality_at_award": 9,
    "points": 77
  }
},
{
  "model": "ballon_dor.ballondorresult",
  "pk": 44,
  "fields": {
    "year": 1970,
    "rank": 2,
    "player": 62,
    "club_at_award": 30,
    "nationality_at_award": 5,
    "points": 70
  }
},
{
  "model": "ballon_dor.ballondorresult",
  "pk": 45,
  "fields": {
    "year": 1970,
    "rank": 3,
    "player": 60,
    "club_at_award": 29,
    "nationality_at_award": 12,
    "points": 65
  }
},
{
  "model": "ballon_dor.ballondorresult",
  "pk": 46,
  "fields": {
    "year": 1971,
    "rank": 1,
    "player": 63,
    "club_at_award": 31,
    "nationality_at_award": 16,
    "points": 116
  }
},
{
  "model": "ballon_dor.ballondorresult",
  "pk": 47,
  "fields": {
    "year": 1971,
    "rank": 2,
    "player": 64,
    "club_at_award": 8,
    "nationality_at_award": 12,
    "points": 57
  }
},
{
  "model": "ballon_dor.ballondorresult",
  "pk": 48,
  "fields": {
    "year": 1971,
    "rank": 3,
    "player": 58,
    "club_at_award": 13,
    "nationality_at_award": 34,
    "points": 56
  }
},
{
  "model": "ballon_dor.ballondorresult",
  "pk": 49,
  "fields": {
    "year": 1972,
    "rank": 1,
    "player": 55,
    "club_at_award": 25,
    "nationality_at_award": 9,
    "points": 81
  }
},
{
  "model": "ballon_dor.ballondorresult",
  "pk": 50,
  "fields": {
    "year": 1972,
    "rank": 2,
    "player": 65,
    "club_at_award": 32,
    "nationality_at_award": 9,
    "points": 79
  }
},
{
  "model": "ballon_dor.ballondorresult",
  "pk": 51,
  "fields": {
    "year": 1973,
    "rank": 1,
    "player": 63,
    "club_at_award": 1,
    "nationality_at_award": 16,
    "points": 96
  }
},
{
  "model": "ballon_dor.ballondorresult",
  "pk": 52,
  "fields": {
    "year": 1973,
    "rank": 2,
    "player": 66,
    "club_at_award": 16,
    "nationality_at_award": 12,
    "points": 47
  }
},
{
  "model": "ballon_dor.ballondorresult",
  "pk": 53,
  "fields": {
    "year": 1973,
    "rank": 3,
    "player": 61,
    "club_at_award": 25,
    "nationality_at_award": 9,
    "points": 44
  }
},
{
  "model": "ballon_dor.ballondorresult",
  "pk": 54,
  "fields": {
    "year": 1974,
    "rank": 1,
    "player": 63,
    "club_at_award": 1,
    "nationality_at_award": 16,
    "points": 116
  }
},
{
  "model": "ballon_dor.ballondorresult",
  "pk": 55,
  "fields": {
    "year": 1974,
    "rank": 2,
    "player": 55,
    "club_at_award": 25,
    "nationality_at_award": 9,
    "points": 105
  }
},
{
  "model": "ballon_dor.ballondorresult",
  "pk": 56,
  "fields": {
    "year": 1974,
    "rank": 3,
    "player": 67,
    "club_at_award": 33,
    "nationality_at_award": 13,
    "points": 35
  }
},
{
  "model": "ballon_dor.ballondorresult",
  "pk": 57,
  "fields": {
    "year": 1975,
    "rank": 1,
    "player": 68,
    "club_at_award": 34,
    "nationality_at_award": 20,
    "points": 122
  }
},
{
  "model": "ballon_dor.ballondorresult",
  "pk": 58,
  "fields": {
    "year": 1975,
    "rank": 2,
    "player": 55,
    "club_at_award": 25,
    "nationality_at_award": 9,
    "points": 42
  }
},
{
  "model": "ballon_dor.ballondorresult",
  "pk": 59,
  "fields": {
    "year": 1975,
    "rank": 3,
    "player": 63,
    "club_at_award": 1,
    "nationality_at_award": 16,
    "points": 27
  }
},
{
  "model": "ballon_dor.ballondorresult",
  "pk": 60,
  "fields": {
    "year": 1976,
    "rank": 1,
    "player": 55,
    "club_at_award": 25,
    "nationality_at_award": 9,
    "points": 91
  }
},
{
  "model": "ballon_dor.ballondorresult",
  "pk": 61,
  "fields": {
    "year": 1976,
    "rank": 2,
    "player": 69,
    "club_at_award": 35,
    "nationality_at_award": 16,
    "points": 75
  }
},
{
  "model": "ballon_dor.ballondorresult",
  "pk": 62,
  "fields": {
    "year": 1976,
    "rank": 3,
    "player": 70,
    "club_at_award": 19,
    "nationality_at_award": 33,
    "points": 52
  }
},
{
  "model": "ballon_dor.ballondorresult",
  "pk": 63,
  "fields": {
    "year": 1977,
    "rank": 1,
    "player": 71,
    "club_at_award": 32,
    "nationality_at_award": 22,
    "points": 74
  }
},
{
  "model": "ballon_dor.ballondorresult",
  "pk": 64,
  "fields": {
    "year": 1977,
    "rank": 2,
    "player": 72,
    "club_at_award": 17,
    "nationality_at_award": 5,
    "points": 71
  }
},
{
  "model": "ballon_dor.ballondorresult",
  "pk": 65,
  "fields": {
    "year": 1977,
    "rank": 3,
    "player": 73,
    "club_at_award": 36,
    "nationality_at_award": 4,
    "points": 70
  }
},
{
  "model": "ballon_dor.ballondorresult",
  "pk": 66,
  "fields": {
    "year": 1978,
    "rank": 1,
    "player": 72,
    "club_at_award": 17,
    "nationality_at_award": 5,
    "points": 87
  }
},
{
  "model": "ballon_dor.ballondorresult",
  "pk": 67,
  "fields": {
    "year": 1978,
    "rank": 2,
    "player": 74,
    "club_at_award": 1,
    "nationality_at_award": 35,
    "points": 81
  }
},
{
  "model": "ballon_dor.ballondorresult",
  "pk": 68,
  "fields": {
    "year": 1978,
    "rank": 3,
    "player": 69,
    "club_at_award": 35,
    "nationality_at_award": 16,
    "points": 50
  }
},
{
  "model": "ballon_dor.ballondorresult",
  "pk": 69,
  "fields": {
    "year": 1979,
    "rank": 1,
    "player": 72,
    "club_at_award": 17,
    "nationality_at_award": 5,
    "points": 118
  }
},
{
  "model": "ballon_dor.ballondorresult",
  "pk": 70,
  "fields": {
    "year": 1979,
    "rank": 2,
    "player": 75,
    "club_at_award": 25,
    "nationality_at_award": 9,
    "points": 52
  }
},
{
  "model": "ballon_dor.ballondorresult",
  "pk": 71,
  "fields": {
    "year": 1979,
    "rank": 3,
    "player": 76,
    "club_at_award": 31,
    "nationality_at_award": 16,
    "points": 41
  }
},
{
  "model": "ballon_dor.ballondorresult",
  "pk": 72,
  "fields": {
    "year": 1980,
    "rank": 1,
    "player": 75,
    "club_at_award": 25,
    "nationality_at_award": 9,
    "points": 122
  }
},
{
  "model": "ballon_dor.ballondorresult",
  "pk": 73,
  "fields": {
    "year": 1980,
    "rank": 2,
    "player": 77,
    "club_at_award": 1,
    "nationality_at_award": 9,
    "points": 34
  }
},
{
  "model": "ballon_dor.ballondorresult",
  "pk": 74,
  "fields": {
    "year": 1980,
    "rank": 3,
    "player": 73,
    "club_at_award": 37,
    "nationality_at_award": 4,
    "points": 33
  }
},
{
  "model": "ballon_dor.ballondorresult",
  "pk": 75,
  "fields": {
    "year": 1981,
    "rank": 1,
    "player": 75,
    "club_at_award": 25,
    "nationality_at_award": 9,
    "points": 106
  }
},
{
  "model": "ballon_dor.ballondorresult",
  "pk": 76,
  "fields": {
    "year": 1981,
    "rank": 2,
    "player": 78,
    "club_at_award": 25,
    "nationality_at_award": 9,
    "points": 64
  }
},
{
  "model": "ballon_dor.ballondorresult",
  "pk": 77,
  "fields": {
    "year": 1981,
    "rank": 3,
    "player": 77,
    "club_at_award": 1,
    "nationality_at_award": 9,
    "points": 39
  }
},
{
  "model": "ballon_dor.ballondorresult",
  "pk": 78,
  "fields": {
    "year": 1982,
    "rank": 1,
    "player": 79,
    "club_at_award": 16,
    "nationality_at_award": 12,
    "points": 115
  }
},
{
  "model": "ballon_dor.ballondorresult",
  "pk": 79,
  "fields": {
    "year": 1982,
    "rank": 2,
    "player": 80,
    "club_at_award": 38,
    "nationality_at_award": 4,
    "points": 64
  }
},
{
  "model": "ballon_dor.ballondorresult",
  "pk": 80,
  "fields": {
    "year": 1982,
    "rank": 3,
    "player": 81,
    "club_at_award": 16,
    "nationality_at_award": 13,
    "points": 39
  }
},
{
  "model": "ballon_dor.ballondorresult",
  "pk": 81,
  "fields": {
    "year": 1983,
    "rank": 1,
    "player": 73,
    "club_at_award": 16,
    "nationality_at_award": 4,
    "points": 110
  }
},
{
  "model": "ballon_dor.ballondorresult",
  "pk": 82,
  "fields": {
    "year": 1983,
    "rank": 2,
    "player": 82,
    "club_at_award": 7,
    "nationality_at_award": 21,
    "points": 26
  }
},
{
  "model": "ballon_dor.ballondorresult",
  "pk": 83,
  "fields": {
    "year": 1983,
    "rank": 3,
    "player": 71,
    "club_at_award": 39,
    "nationality_at_award": 22,
    "points": 25
  }
},
{
  "model": "ballon_dor.ballondorresult",
  "pk": 84,
  "fields": {
    "year": 1984,
    "rank": 1,
    "player": 73,
    "club_at_award": 16,
    "nationality_at_award": 4,
    "points": 110
  }
},
{
  "model": "ballon_dor.ballondorresult",
  "pk": 85,
  "fields": {
    "year": 1984,
    "rank": 2,
    "player": 83,
    "club_at_award": 38,
    "nationality_at_award": 4,
    "points": 57
  }
},
{
  "model": "ballon_dor.ballondorresult",
  "pk": 86,
  "fields": {
    "year": 1984,
    "rank": 3,
    "player": 84,
    "club_at_award": 40,
    "nationality_at_award": 22,
    "points": 48
  }
},
{
  "model": "ballon_dor.ballondorresult",
  "pk": 87,
  "fields": {
    "year": 1985,
    "rank": 1,
    "player": 73,
    "club_at_award": 16,
    "nationality_at_award": 4,
    "points": 127
  }
},
{
  "model": "ballon_dor.ballondorresult",
  "pk": 88,
  "fields": {
    "year": 1985,
    "rank": 2,
    "player": 84,
    "club_at_award": 40,
    "nationality_at_award": 22,
    "points": 71
  }
},
{
  "model": "ballon_dor.ballondorresult",
  "pk": 89,
  "fields": {
    "year": 1985,
    "rank": 3,
    "player": 77,
    "club_at_award": 1,
    "nationality_at_award": 9,
    "points": 46
  }
},
{
  "model": "ballon_dor.ballondorresult",
  "pk": 90,
  "fields": {
    "year": 1986,
    "rank": 1,
    "player": 85,
    "club_at_award": 34,
    "nationality_at_award": 20,
    "points": 84
  }
},
{
  "model": "ballon_dor.ballondorresult",
  "pk": 91,
  "fields": {
    "year": 1986,
    "rank": 2,
    "player": 86,
    "club_at_award": 1,
    "nationality_at_award": 5,
    "points": 62
  }
},
{
  "model": "ballon_dor.ballondorresult",
  "pk": 92,
  "fields": {
    "year": 1986,
    "rank": 3,
    "player": 87,
    "club_at_award": 4,
    "nationality_at_award": 8,
    "points": 59
  }
},
{
  "model": "ballon_dor.ballondorresult",
  "pk": 93,
  "fields": {
    "year": 1987,
    "rank": 1,
    "player": 88,
    "club_at_award": 23,
    "nationality_at_award": 16,
    "points": 106
  }
},
{
  "model": "ballon_dor.ballondorresult",
  "pk": 94,
  "fields": {
    "year": 1987,
    "rank": 2,
    "player": 89,
    "club_at_award": 41,
    "nationality_at_award": 14,
    "points": 91
  }
},
{
  "model": "ballon_dor.ballondorresult",
  "pk": 95,
  "fields": {
    "year": 1987,
    "rank": 3,
    "player": 87,
    "club_at_award": 4,
    "nationality_at_award": 8,
    "points": 61
  }
},
{
  "model": "ballon_dor.ballondorresult",
  "pk": 96,
  "fields": {
    "year": 1988,
    "rank": 1,
    "player": 90,
    "club_at_award": 23,
    "nationality_at_award": 16,
    "points": 129
  }
},
{
  "model": "ballon_dor.ballondorresult",
  "pk": 97,
  "fields": {
    "year": 1988,
    "rank": 2,
    "player": 88,
    "club_at_award": 23,
    "nationality_at_award": 16,
    "points": 88
  }
},
{
  "model": "ballon_dor.ballondorresult",
  "pk": 98,
  "fields": {
    "year": 1988,
    "rank": 3,
    "player": 91,
    "club_at_award": 23,
    "nationality_at_award": 16,
    "points": 45
  }
},
{
  "model": "ballon_dor.ballondorresult",
  "pk": 99,
  "fields": {
    "year": 1989,
    "rank": 1,
    "player": 90,
    "club_at_award": 23,
    "nationality_at_award": 16,
    "points": 129
  }
},
{
  "model": "ballon_dor.ballondorresult",
  "pk": 100,
  "fields": {
    "year": 1989,
    "rank": 2,
    "player": 92,
    "club_at_award": 23,
    "nationality_at_award": 12,
    "points": 80
  }
},
{
  "model": "ballon_dor.ballondorresult",
  "pk": 101,
  "fields": {
    "year": 1989,
    "rank": 3,
    "player": 91,
    "club_at_award": 23,
    "nationality_at_award": 16,
    "points": 43
  }
},
{
  "model": "ballon_dor.ballondorresult",
  "pk": 102,
  "fields": {
    "year": 1990,
    "rank": 1,
    "player": 93,
    "club_at_award": 8,
    "nationality_at_award": 9,
    "points": 137
  }
},
{
  "model": "ballon_dor.ballondorresult",
  "pk": 103,
  "fields": {
    "year": 1990,
    "rank": 2,
    "player": 94,
    "club_at_award": 16,
    "nationality_at_award": 12,
    "points": 84
  }
},
{
  "model": "ballon_dor.ballondorresult",
  "pk": 104,
  "fields": {
    "year": 1990,
    "rank": 3,
    "player": 95,
    "club_at_award": 8,
    "nationality_at_award": 9,
    "points": 68
  }
},
{
  "model": "ballon_dor.ballondorresult",
  "pk": 105,
  "fields": {
    "year": 1991,
    "rank": 1,
    "player": 96,
    "club_at_award": 42,
    "nationality_at_award": 4,
    "points": 141
  }
},
{
  "model": "ballon_dor.ballondorresult",
  "pk": 106,
  "fields": {
    "year": 1991,
    "rank": 2,
    "player": 93,
    "club_at_award": 8,
    "nationality_at_award": 9,
    "points": 42
  }
},
{
  "model": "ballon_dor.ballondorresult",
  "pk": 107,
  "fields": {
    "year": 1992,
    "rank": 1,
    "player": 90,
    "club_at_award": 23,
    "nationality_at_award": 16,
    "points": 98
  }
},
{
  "model": "ballon_dor.ballondorresult",
  "pk": 108,
  "fields": {
    "year": 1992,
    "rank": 2,
    "player": 99,
    "club_at_award": 1,
    "nationality_at_award": 18,
    "points": 80
  }
},
{
  "model": "ballon_dor.ballondorresult",
  "pk": 109,
  "fields": {
    "year": 1992,
    "rank": 3,
    "player": 100,
    "club_at_award": 31,
    "nationality_at_award": 16,
    "points": 53
  }
},
{
  "model": "ballon_dor.ballondorresult",
  "pk": 110,
  "fields": {
    "year": 1993,
    "rank": 1,
    "player": 101,
    "club_at_award": 16,
    "nationality_at_award": 12,
    "points": 142
  }
},
{
  "model": "ballon_dor.ballondorresult",
  "pk": 111,
  "fields": {
    "year": 1993,
    "rank": 2,
    "player": 100,
    "club_at_award": 8,
    "nationality_at_award": 16,
    "points": 83
  }
},
{
  "model": "ballon_dor.ballondorresult",
  "pk": 112,
  "fields": {
    "year": 1993,
    "rank": 3,
    "player": 102,
    "club_at_award": 13,
    "nationality_at_award": 4,
    "points": 34
  }
},
{
  "model": "ballon_dor.ballondorresult",
  "pk": 113,
  "fields": {
    "year": 1994,
    "rank": 1,
    "player": 99,
    "club_at_award": 1,
    "nationality_at_award": 18,
    "points": 210
  }
},
{
  "model": "ballon_dor.ballondorresult",
  "pk": 114,
  "fields": {
    "year": 1994,
    "rank": 2,
    "player": 101,
    "club_at_award": 16,
    "nationality_at_award": 12,
    "points": 136
  }
},
{
  "model": "ballon_dor.ballondorresult",
  "pk": 115,
  "fields": {
    "year": 1994,
    "rank": 3,
    "player": 103,
    "club_at_award": 23,
    "nationality_at_award": 12,
    "points": 109
  }
},
{
  "model": "ballon_dor.ballondorresult",
  "pk": 116,
  "fields": {
    "year": 1995,
    "rank": 1,
    "player": 104,
    "club_at_award": 23,
    "nationality_at_award": 23,
    "points": 144
  }
},
{
  "model": "ballon_dor.ballondorresult",
  "pk": 117,
  "fields": {
    "year": 1995,
    "rank": 2,
    "player": 105,
    "club_at_award": 25,
    "nationality_at_award": 9,
    "points": 108
  }
},
{
  "model": "ballon_dor.ballondorresult",
  "pk": 118,
  "fields": {
    "year": 1995,
    "rank": 3,
    "player": 106,
    "club_at_award": 31,
    "nationality_at_award": 24,
    "points": 67
  }
},
{
  "model": "ballon_dor.ballondorresult",
  "pk": 119,
  "fields": {
    "year": 1996,
    "rank": 1,
    "player": 107,
    "club_at_award": 43,
    "nationality_at_award": 9,
    "points": 144
  }
},
{
  "model": "ballon_dor.ballondorresult",
  "pk": 120,
  "fields": {
    "year": 1996,
    "rank": 2,
    "player": 108,
    "club_at_award": 1,
    "nationality_at_award": 2,
    "points": 143
  }
},
{
  "model": "ballon_dor.ballondorresult",
  "pk": 121,
  "fields": {
    "year": 1996,
    "rank": 3,
    "player": 109,
    "club_at_award": 44,
    "nationality_at_award": 5,
    "points": 107
  }
},
{
  "model": "ballon_dor.ballondorresult",
  "pk": 122,
  "fields": {
    "year": 1997,
    "rank": 1,
    "player": 108,
    "club_at_award": 8,
    "nationality_at_award": 2,
    "points": 222
  }
},
{
  "model": "ballon_dor.ballondorresult",
  "pk": 123,
  "fields": {
    "year": 1997,
    "rank": 2,
    "player": 110,
    "club_at_award": 4,
    "nationality_at_award": 25,
    "points": 68
  }
},
{
  "model": "ballon_dor.ballondorresult",
  "pk": 124,
  "fields": {
    "year": 1997,
    "rank": 3,
    "player": 111,
    "club_at_award": 16,
    "nationality_at_award": 4,
    "points": 63
  }
},
{
  "model": "ballon_dor.ballondorresult",
  "pk": 125,
  "fields": {
    "year": 1998,
    "rank": 1,
    "player": 111,
    "club_at_award": 16,
    "nationality_at_award": 4,
    "points": 244
  }
},
{
  "model": "ballon_dor.ballondorresult",
  "pk": 126,
  "fields": {
    "year": 1998,
    "rank": 2,
    "player": 112,
    "club_at_award": 4,
    "nationality_at_award": 26,
    "points": 68
  }
},
{
  "model": "ballon_dor.ballondorresult",
  "pk": 127,
  "fields": {
    "year": 1998,
    "rank": 3,
    "player": 108,
    "club_at_award": 8,
    "nationality_at_award": 2,
    "points": 66
  }
},
{
  "model": "ballon_dor.ballondorresult",
  "pk": 128,
  "fields": {
    "year": 1999,
    "rank": 1,
    "player": 113,
    "club_at_award": 1,
    "nationality_at_award": 2,
    "points": 219
  }
},
{
  "model": "ballon_dor.ballondorresult",
  "pk": 129,
  "fields": {
    "year": 1999,
    "rank": 2,
    "player": 114,
    "club_at_award": 13,
    "nationality_at_award": 5,
    "points": 154
  }
},
{
  "model": "ballon_dor.ballondorresult",
  "pk": 130,
  "fields": {
    "year": 1999,
    "rank": 3,
    "player": 115,
    "club_at_award": 23,
    "nationality_at_award": 27,
    "points": 64
  }
},
{
  "model": "ballon_dor.ballondorresult",
  "pk": 131,
  "fields": {
    "year": 2000,
    "rank": 1,
    "player": 116,
    "club_at_award": 4,
    "nationality_at_award": 14,
    "points": 197
  }
},
{
  "model": "ballon_dor.ballondorresult",
  "pk": 132,
  "fields": {
    "year": 2000,
    "rank": 2,
    "player": 111,
    "club_at_award": 16,
    "nationality_at_award": 4,
    "points": 181
  }
},
{
  "model": "ballon_dor.ballondorresult",
  "pk": 133,
  "fields": {
    "year": 2000,
    "rank": 3,
    "player": 115,
    "club_at_award": 23,
    "nationality_at_award": 27,
    "points": 85
  }
},
{
  "model": "ballon_dor.ballondorresult",
  "pk": 134,
  "fields": {
    "year": 2001,
    "rank": 1,
    "player": 117,
    "club_at_award": 7,
    "nationality_at_award": 5,
    "points": 176
  }
},
{
  "model": "ballon_dor.ballondorresult",
  "pk": 135,
  "fields": {
    "year": 2001,
    "rank": 2,
    "player": 118,
    "club_at_award": 4,
    "nationality_at_award": 8,
    "points": 140
  }
},
{
  "model": "ballon_dor.ballondorresult",
  "pk": 136,
  "fields": {
    "year": 2001,
    "rank": 3,
    "player": 119,
    "club_at_award": 25,
    "nationality_at_award": 9,
    "points": 114
  }
},
{
  "model": "ballon_dor.ballondorresult",
  "pk": 137,
  "fields": {
    "year": 2002,
    "rank": 1,
    "player": 108,
    "club_at_award": 4,
    "nationality_at_award": 2,
    "points": 169
  }
},
{
  "model": "ballon_dor.ballondorresult",
  "pk": 138,
  "fields": {
    "year": 2002,
    "rank": 2,
    "player": 120,
    "club_at_award": 4,
    "nationality_at_award": 2,
    "points": 145
  }
},
{
  "model": "ballon_dor.ballondorresult",
  "pk": 139,
  "fields": {
    "year": 2002,
    "rank": 3,
    "player": 119,
    "club_at_award": 25,
    "nationality_at_award": 9,
    "points": 110
  }
},
{
  "model": "ballon_dor.ballondorresult",
  "pk": 140,
  "fields": {
    "year": 2003,
    "rank": 1,
    "player": 121,
    "club_at_award": 16,
    "nationality_at_award": 28,
    "points": 190
  }
},
{
  "model": "ballon_dor.ballondorresult",
  "pk": 141,
  "fields": {
    "year": 2003,
    "rank": 2,
    "player": 122,
    "club_at_award": 9,
    "nationality_at_award": 4,
    "points": 128
  }
},
{
  "model": "ballon_dor.ballondorresult",
  "pk": 142,
  "fields": {
    "year": 2003,
    "rank": 3,
    "player": 103,
    "club_at_award": 23,
    "nationality_at_award": 12,
    "points": 123
  }
},
{
  "model": "ballon_dor.ballondorresult",
  "pk": 143,
  "fields": {
    "year": 2004,
    "rank": 1,
    "player": 115,
    "club_at_award": 23,
    "nationality_at_award": 27,
    "points": 175
  }
},
{
  "model": "ballon_dor.ballondorresult",
  "pk": 144,
  "fields": {
    "year": 2004,
    "rank": 2,
    "player": 123,
    "club_at_award": 1,
    "nationality_at_award": 14,
    "points": 139
  }
},
{
  "model": "ballon_dor.ballondorresult",
  "pk": 145,
  "fields": {
    "year": 2004,
    "rank": 3,
    "player": 124,
    "club_at_award": 1,
    "nationality_at_award": 2,
    "points": 133
  }
},
{
  "model": "ballon_dor.ballondorresult",
  "pk": 146,
  "fields": {
    "year": 2005,
    "rank": 1,
    "player": 124,
    "club_at_award": 1,
    "nationality_at_award": 2,
    "points": 225
  }
},
{
  "model": "ballon_dor.ballondorresult",
  "pk": 147,
  "fields": {
    "year": 2005,
    "rank": 2,
    "player": 125,
    "club_at_award": 45,
    "nationality_at_award": 5,
    "points": 148
  }
},
{
  "model": "ballon_dor.ballondorresult",
  "pk": 148,
  "fields": {
    "year": 2005,
    "rank": 3,
    "player": 126,
    "club_at_award": 7,
    "nationality_at_award": 5,
    "points": 142
  }
},
{
  "model": "ballon_dor.ballondorresult",
  "pk": 149,
  "fields": {
    "year": 2006,
    "rank": 1,
    "player": 127,
    "club_at_award": 4,
    "nationality_at_award": 12,
    "points": 173
  }
},
{
  "model": "ballon_dor.ballondorresult",
  "pk": 150,
  "fields": {
    "year": 2006,
    "rank": 2,
    "player": 128,
    "club_at_award": 16,
    "nationality_at_award": 12,
    "points": 124
  }
},
{
  "model": "ballon_dor.ballondorresult",
  "pk": 151,
  "fields": {
    "year": 2006,
    "rank": 3,
    "player": 122,
    "club_at_award": 9,
    "nationality_at_award": 4,
    "points": 121
  }
},
{
  "model": "ballon_dor.ballondorresult",
  "pk": 152,
  "fields": {
    "year": 2007,
    "rank": 1,
    "player": 129,
    "club_at_award": 23,
    "nationality_at_award": 2,
    "points": 444
  }
},
{
  "model": "ballon_dor.ballondorresult",
  "pk": 153,
  "fields": {
    "year": 2007,
    "rank": 2,
    "player": 130,
    "club_at_award": 13,
    "nationality_at_award": 14,
    "points": 277
  }
},
{
  "model": "ballon_dor.ballondorresult",
  "pk": 154,
  "fields": {
    "year": 2007,
    "rank": 3,
    "player": 131,
    "club_at_award": 1,
    "nationality_at_award": 1,
    "points": 255
  }
},
{
  "model": "ballon_dor.ballondorresult",
  "pk": 155,
  "fields": {
    "year": 2008,
    "rank": 1,
    "player": 130,
    "club_at_award": 13,
    "nationality_at_award": 14,
    "points": 446
  }
},
{
  "model": "ballon_dor.ballondorresult",
  "pk": 156,
  "fields": {
    "year": 2008,
    "rank": 2,
    "player": 131,
    "club_at_award": 1,
    "nationality_at_award": 1,
    "points": 281
  }
},
{
  "model": "ballon_dor.ballondorresult",
  "pk": 157,
  "fields": {
    "year": 2008,
    "rank": 3,
    "player": 132,
    "club_at_award": 7,
    "nationality_at_award": 8,
    "points": 179
  }
},
{
  "model": "ballon_dor.ballondorresult",
  "pk": 158,
  "fields": {
    "year": 2009,
    "rank": 1,
    "player": 131,
    "club_at_award": 1,
    "nationality_at_award": 1,
    "points": 473
  }
},
{
  "model": "ballon_dor.ballondorresult",
  "pk": 159,
  "fields": {
    "year": 2009,
    "rank": 2,
    "player": 130,
    "club_at_award": 4,
    "nationality_at_award": 14,
    "points": 233
  }
},
{
  "model": "ballon_dor.ballondorresult",
  "pk": 160,
  "fields": {
    "year": 2009,
    "rank": 3,
    "player": 133,
    "club_at_award": 1,
    "nationality_at_award": 8,
    "points": 170
  }
},
{
  "model": "ballon_dor.ballondorresult",
  "pk": 161,
  "fields": {
    "year": 2010,
    "rank": 1,
    "player": 131,
    "club_at_award": 1,
    "nationality_at_award": 1,
    "points": 0
  }
},
{
  "model": "ballon_dor.ballondorresult",
  "pk": 162,
  "fields": {
    "year": 2010,
    "rank": 2,
    "player": 134,
    "club_at_award": 1,
    "nationality_at_award": 8,
    "points": 0
  }
},
{
  "model": "ballon_dor.ballondorresult",
  "pk": 163,
  "fields": {
    "year": 2010,
    "rank": 3,
    "player": 133,
    "club_at_award": 1,
    "nationality_at_award": 8,
    "points": 0
  }
},
{
  "model": "ballon_dor.ballondorresult",
  "pk": 164,
  "fields": {
    "year": 2011,
    "rank": 1,
    "player": 131,
    "club_at_award": 1,
    "nationality_at_award": 1,
    "points": 0
  }
},
{
  "model": "ballon_dor.ballondorresult",
  "pk": 165,
  "fields": {
    "year": 2011,
    "rank": 2,
    "player": 130,
    "club_at_award": 4,
    "nationality_at_award": 14,
    "points": 0
  }
},
{
  "model": "ballon_dor.ballondorresult",
  "pk": 166,
  "fields": {
    "year": 2011,
    "rank": 3,
    "player": 133,
    "club_at_award": 1,
    "nationality_at_award": 8,
    "points": 0
  }
},
{
  "model": "ballon_dor.ballondorresult",
  "pk": 167,
  "fields": {
    "year": 2012,
    "rank": 1,
    "player": 131,
    "club_at_award": 1,
    "nationality_at_award": 1,
    "points": 0
  }
},
{
  "model": "ballon_dor.ballondorresult",
  "pk": 168,
  "fields": {
    "year": 2012,
    "rank": 2,
    "player": 130,
    "club_at_award": 4,
    "nationality_at_award": 14,
    "points": 0
  }
},
{
  "model": "ballon_dor.ballondorresult",
  "pk": 169,
  "fields": {
    "year": 2012,
    "rank": 3,
    "player": 134,
    "club_at_award": 1,
    "nationality_at_award": 8,
    "points": 0
  }
},
{
  "model": "ballon_dor.ballondorresult",
  "pk": 170,
  "fields": {
    "year": 2013,
    "rank": 1,
    "player": 130,
    "club_at_award": 4,
    "nationality_at_award": 14,
    "points": 0
  }
},
{
  "model": "ballon_dor.ballondorresult",
  "pk": 171,
  "fields": {
    "year": 2013,
    "rank": 2,
    "player": 131,
    "club_at_award": 1,
    "nationality_at_award": 1,
    "points": 0
  }
},
{
  "model": "ballon_dor.ballondorresult",
  "pk": 172,
  "fields": {
    "year": 2013,
    "rank": 3,
    "player": 135,
    "club_at_award": 25,
    "nationality_at_award": 4,
    "points": 0
  }
},
{
  "model": "ballon_dor.ballondorresult",
  "pk": 173,
  "fields": {
    "year": 2014,
    "rank": 1,
    "player": 130,
    "club_at_award": 4,
    "nationality_at_award": 14,
    "points": 0
  }
},
{
  "model": "ballon_dor.ballondorresult",
  "pk": 174,
  "fields": {
    "year": 2014,
    "rank": 2,
    "player": 131,
    "club_at_award": 1,
    "nationality_at_award": 1,
    "points": 0
  }
},
{
  "model": "ballon_dor.ballondorresult",
  "pk": 175,
  "fields": {
    "year": 2014,
    "rank": 3,
    "player": 136,
    "club_at_award": 25,
    "nationality_at_award": 9,
    "points": 0
  }
},
{
  "model": "ballon_dor.ballondorresult",
  "pk": 176,
  "fields": {
    "year": 2015,
    "rank": 1,
    "player": 131,
    "club_at_award": 1,
    "nationality_at_award": 1,
    "points": 0
  }
},
{
  "model": "ballon_dor.ballondorresult",
  "pk": 177,
  "fields": {
    "year": 2015,
    "rank": 2,
    "player": 130,
    "club_at_award": 4,
    "nationality_at_award": 14,
    "points": 0
  }
},
{
  "model": "ballon_dor.ballondorresult",
  "pk": 178,
  "fields": {
    "year": 2015,
    "rank": 3,
    "player": 137,
    "club_at_award": 1,
    "nationality_at_award": 2,
    "points": 0
  }
},
{
  "model": "ballon_dor.ballondorresult",
  "pk": 179,
  "fields": {
    "year": 2016,
    "rank": 1,
    "player": 130,
    "club_at_award": 4,
    "nationality_at_award": 14,
    "points": 745
  }
},
{
  "model": "ballon_dor.ballondorresult",
  "pk": 180,
  "fields": {
    "year": 2016,
    "rank": 2,
    "player": 131,
    "club_at_award": 1,
    "nationality_at_award": 1,
    "points": 316
  }
},
{
  "model": "ballon_dor.ballondorresult",
  "pk": 181,
  "fields": {
    "year": 2016,
    "rank": 3,
    "player": 138,
    "club_at_award": 41,
    "nationality_at_award": 4,
    "points": 198
  }
},
{
  "model": "ballon_dor.ballondorresult",
  "pk": 182,
  "fields": {
    "year": 2017,
    "rank": 1,
    "player": 130,
    "club_at_award": 4,
    "nationality_at_award": 14,
    "points": 946
  }
},
{
  "model": "ballon_dor.ballondorresult",
  "pk": 183,
  "fields": {
    "year": 2017,
    "rank": 2,
    "player": 131,
    "club_at_award": 1,
    "nationality_at_award": 1,
    "points": 670
  }
},
{
  "model": "ballon_dor.ballondorresult",
  "pk": 184,
  "fields": {
    "year": 2017,
    "rank": 3,
    "player": 137,
    "club_at_award": 2,
    "nationality_at_award": 2,
    "points": 361
  }
},
{
  "model": "ballon_dor.ballondorresult",
  "pk": 185,
  "fields": {
    "year": 2018,
    "rank": 1,
    "player": 139,
    "club_at_award": 4,
    "nationality_at_award": 26,
    "points": 753
  }
},
{
  "model": "ballon_dor.ballondorresult",
  "pk": 186,
  "fields": {
    "year": 2018,
    "rank": 2,
    "player": 130,
    "club_at_award": 16,
    "nationality_at_award": 14,
    "points": 476
  }
},
{
  "model": "ballon_dor.ballondorresult",
  "pk": 187,
  "fields": {
    "year": 2018,
    "rank": 3,
    "player": 138,
    "club_at_award": 41,
    "nationality_at_award": 4,
    "points": 414
  }
},
{
  "model": "ballon_dor.ballondorresult",
  "pk": 188,
  "fields": {
    "year": 2019,
    "rank": 1,
    "player": 131,
    "club_at_award": 1,
    "nationality_at_award": 1,
    "points": 686
  }
},
{
  "model": "ballon_dor.ballondorresult",
  "pk": 189,
  "fields": {
    "year": 2019,
    "rank": 2,
    "player": 28,
    "club_at_award": 7,
    "nationality_at_award": 16,
    "points": 679
  }
},
{
  "model": "ballon_dor.ballondorresult",
  "pk": 190,
  "fields": {
    "year": 2019,
    "rank": 3,
    "player": 130,
    "club_at_award": 16,
    "nationality_at_award": 14,
    "points": 476
  }
},
{
  "model": "ballon_dor.ballondorresult",
  "pk": 191,
  "fields": {
    "year": 2021,
    "rank": 1,
    "player": 131,
    "club_at_award": 1,
    "nationality_at_award": 1,
    "points": 476
  }
},
{
  "model": "ballon_dor.ballondorresult",
  "pk": 192,
  "fields": {
    "year": 2021,
    "rank": 2,
    "player": 13,
    "club_at_award": 25,
    "nationality_at_award": 13,
    "points": 580
  }
},
{
  "model": "ballon_dor.ballondorresult",
  "pk": 193,
  "fields": {
    "year": 2021,
    "rank": 3,
    "player": 140,
    "club_at_award": 45,
    "nationality_at_award": 12,
    "points": 480
  }
},
{
  "model": "ballon_dor.ballondorresult",
  "pk": 194,
  "fields": {
    "year": 2022,
    "rank": 1,
    "player": 141,
    "club_at_award": 4,
    "nationality_at_award": 4,
    "points": 549
  }
},
{
  "model": "ballon_dor.ballondorresult",
  "pk": 195,
  "fields": {
    "year": 2022,
    "rank": 2,
    "player": 142,
    "club_at_award": 7,
    "nationality_at_award": 29,
    "points": 193
  }
},
{
  "model": "ballon_dor.ballondorresult",
  "pk": 196,
  "fields": {
    "year": 2022,
    "rank": 3,
    "player": 143,
    "club_at_award": 3,
    "nationality_at_award": 30,
    "points": 175
  }
},
{
  "model": "ballon_dor.ballondorresult",
  "pk": 197,
  "fields": {
    "year": 2023,
    "rank": 1,
    "player": 131,
    "club_at_award": 2,
    "nationality_at_award": 1,
    "points": 462
  }
},
{
  "model": "ballon_dor.ballondorresult",
  "pk": 198,
  "fields": {
    "year": 2023,
    "rank": 2,
    "player": 22,
    "club_at_award": 3,
    "nationality_at_award": 10,
    "points": 357
  }
},
{
  "model": "ballon_dor.ballondorresult",
  "pk": 199,
  "fields": {
    "year": 2023,
    "rank": 3,
    "player": 144,
    "club_at_award": 2,
    "nationality_at_award": 4,
    "points": 270
  }
},
{
  "model": "ballon_dor.ballondorresult",
  "pk": 200,
  "fields": {
    "year": 2024,
    "rank": 1,
    "player": 145,
    "club_at_award": 3,
    "nationality_at_award": 8,
    "points": 1170
  }
},
{
  "model": "ballon_dor.ballondorresult",
  "pk": 201,
  "fields": {
    "year": 2024,
    "rank": 2,
    "player": 146,
    "club_at_award": 4,
    "nationality_at_award": 2,
    "points": 1129
  }
},
{
  "model": "ballon_dor.ballondorresult",
  "pk": 202,
  "fields": {
    "year": 2024,
    "rank": 3,
    "player": 18,
    "club_at_award": 4,
    "nationality_at_award": 5,
    "points": 917
  }
},
{
  "model": "ballon_dor.vote",
  "pk": 1,
  "fields": {
    "player_1st": 10,
    "player_2nd": 24,
    "player_3rd": 7,
    "created_at": "2025-07-02T13:39:01.567Z",
    "voter_name": "",
    "voter_country": "",
    "ip_address": "127.0.0.1",
    "year": 2025
  }
},
{
  "model": "ballon_dor.vote",
  "pk": 2,
  "fields": {
    "player_1st": 20,
    "player_2nd": 10,
    "player_3rd": 9,
    "created_at": "2025-07-02T14:06:54.279Z",
    "voter_name": "sd",
    "voter_country": "sd",
    "ip_address": "test-7038",
    "year": 2025
  }
},
{
  "model": "ballon_dor.vote",
  "pk": 3,
  "fields": {
    "player_1st": 15,
    "player_2nd": 10,
    "player_3rd": 1,
    "created_at": "2025-07-02T14:07:04.614Z",
    "voter_name": "sd",
    "voter_country": "sd",
    "ip_address": "test-631",
    "year": 2025
  }
}
]
